guid,name,first,last,email,value,date,phone,age,state,street
a94809e0-79e6-5263-9d04-aae99a0884d4,Eddie Sanders,Ralph,Guerrero,mod@opoza.mk,value,2/19/2018,(327) 825-1283,36,MD,Nohuta Heights
78661221-559e-58ca-80e5-518b3d726d30,Lillian Glover,Franklin,Rose,et@wuco.nu,value,9/25/2050,(538) 335-1854,59,VT,Wefi Circle
40be11cd-223c-53e5-997c-a5b9ad8dff07,Rosetta Crawford,Erik,Hunter,so@ni.cr,value,12/1/1958,(467) 550-8810,37,NV,Saman Court
88ad3395-17d1-56cf-a84a-03666f124377,Maggie Shelton,Troy,King,vemakriz@bejzi.mp,value,10/10/1943,(380) 542-2786,39,PA,Ropa View
79c91b5d-a764-5bcd-94f0-8fe4984dadf9,Melvin Jenkins,Frances,Blake,esfaf@gan.gf,value,11/12/2070,(822) 250-6066,25,MS,Avoefi Plaza
b91f8a4e-44c3-5ec1-bdd8-8c38461052b2,Lena Patrick,Philip,Nelson,bonegnup@obi.by,value,3/12/1996,(958) 707-9065,19,KY,Kekiv Mill
41f34d8e-edf8-5fe6-af59-38f971a45f3f,Christopher Klein,Mayme,Terry,ewnid@dihsavow.fo,value,10/20/1903,(459) 970-5795,53,RI,Gimu Turnpike
155aea6d-8bfa-5e1f-a16c-e26b23d9f2a0,Georgie Marshall,Duane,Hodges,ihu@ri.gq,value,10/26/1919,(704) 651-4168,18,LA,Jicboc Center
432a6e79-efb9-5040-8dc2-a054e8be2133,Alberta Owen,Ruth,Kennedy,menvud@pawuiju.sb,value,9/18/1987,(568) 261-4302,49,SD,Pagod Mill
a0bc953a-49b2-5ea8-811c-7c183790dfe0,Dean Gomez,Georgie,Massey,bami@vu.bh,value,10/24/1949,(546) 745-9039,48,GA,Akjuk Glen
c259f6df-cb80-52a4-b77a-8f6991ed724f,Julian Garcia,Hunter,Griffin,eppe@ejufizav.bh,value,9/7/2038,(560) 212-2558,27,AR,Batar Turnpike
cdd12ca9-2537-589f-9476-40f09a36a154,Bertha Obrien,Lee,Franklin,ma@vo.rw,value,4/9/1987,(581) 453-2635,31,TX,Tefzuc Key
8f0be661-849d-51ec-b365-a1162791b1df,Agnes Salazar,Rhoda,Lynch,gefa@pom.mn,value,3/23/1976,(409) 821-3027,52,MO,Voah Boulevard
318e15d3-9dcc-56b9-bb32-4490fee4e94f,Gavin Spencer,Evelyn,Murphy,ri@lersolbew.nr,value,4/14/1919,(657) 697-7507,31,OH,Huvruv View
e16b2afc-a22e-5fa7-9ed9-c5efafff7749,Bessie Reese,Birdie,Lowe,wejihum@vakteb.ht,value,11/27/1943,(861) 365-4283,50,NJ,Ratkej Trail
08c8107c-8f02-5117-b713-7e80cc1987bb,Devin Hammond,Ora,Blair,ba@lumas.fo,value,8/17/2003,(912) 875-8891,30,AL,Uzasom Turnpike
cf48f81d-e405-5fbf-a7e2-723fa39ab68d,Mathilda Jensen,Mae,Lloyd,val@to.kn,value,1/18/1950,(259) 477-9113,46,AZ,Raliz Square
53ec3dac-0e77-5fae-8eb1-bd17ade3fc48,Lloyd Ballard,Alfred,Hopkins,bev@ji.cn,value,8/24/2003,(803) 690-1196,55,NM,Nujufe Way
ee973506-e2a1-56ba-abb4-3b4ad9e74934,Daniel Vega,Shane,Franklin,osi@sada.sg,value,6/8/1960,(842) 686-2850,44,OH,Fanmo Pass
1fae7889-ab8c-565a-b338-3c3f1be229de,Stella Lawrence,Lena,Bryan,jec@ipe.za,value,4/25/2064,(277) 746-9837,26,IL,Medlil Way
54eb74cf-2faa-5f16-ad28-c959a8d8615a,Wayne Fletcher,Cora,Chapman,catpu@pa.ua,value,2/20/2063,(655) 367-7356,48,NJ,Homju Park
7b9e31b4-6528-5058-a5eb-1b8c13e68874,Howard Bowers,Martha,Fisher,hagitpej@utsasi.no,value,7/27/1983,(986) 297-5897,40,IN,Ihlur Glen
56d4de85-b682-5eba-a1c5-c11777cc811e,Justin Cooper,Joel,Baldwin,uhkoav@motagu.sg,value,12/16/1907,(327) 689-2275,55,VT,Eprum Manor
c1dc3661-43aa-5305-a6a1-9c8ddf7ef40f,Rodney Pittman,Alvin,Tran,gov@osede.ru,value,9/19/2053,(911) 876-4131,21,WA,Matlas Square
53a933a4-0b2e-52bc-8cbe-0889634035e0,Linnie Walters,Raymond,Nguyen,fi@padoku.gy,value,11/19/1901,(822) 794-2908,39,CA,Bekse Square
5041cc91-f72c-5444-8342-8d19680d223e,Ray Maxwell,Derrick,Nguyen,gevaf@pecju.sd,value,12/14/1918,(432) 740-9672,61,,Jolig Drive
baaf3c58-e243-5611-923b-77a1eea35336,Mildred Waters,Cole,Long,ulinuwpoc@seru.ad,value,11/15/1987,(643) 768-7029,36,AL,Pave Plaza
e5090abf-1b82-5d93-b2e6-d11e9c487340,Mollie Garner,Adele,King,nufdo@cokacbu.ck,value,9/10/1991,(840) 929-5295,33,UT,Copke Trail
702d574c-ea67-5682-89de-44d2328c58af,Rosa Carr,Alfred,Hunter,cuwve@vuf.ge,value,11/20/1919,(712) 839-7075,47,AL,Pefcu Manor
e757c790-acb5-5eef-98bf-ac51b3ea052e,Florence Neal,Thomas,Luna,vocitovi@zo.va,value,6/9/1904,(845) 296-7499,55,NC,Zuapi Lane
71bdb489-9ba9-5f69-83bd-d511e2101695,Marcus Tyler,Brandon,Johnston,lozelbiw@cacaki.mw,value,9/2/2009,(675) 431-2508,55,DC,Ageneb Parkway
29ee1f36-9a98-549e-8438-e2e487a74140,Brett Burgess,Maggie,Ramos,badezafo@jurre.com,value,10/19/1918,(678) 690-7833,47,ID,Agama Street
ecb74dc9-2376-56ce-b86b-b84a2f1e2246,Marvin Atkins,Elijah,Howard,podekkud@foltu.gt,value,11/18/2000,(363) 569-7732,19,GA,Uflud Path
42e50a12-96db-5bf1-be12-c6fd03b38eff,Pauline Frazier,Marian,Schultz,ofa@izgedadu.jp,value,10/15/1946,(834) 840-1954,43,NH,Cekub Loop
814f2a46-8a7f-5871-b713-792d2052c7af,Eric Howell,Pearl,Fields,pifisi@fakinom.sy,value,5/6/1980,(820) 673-2522,21,LA,Sifhiz Heights
40ca6e84-ae23-5ccb-bb0b-339df6603c88,Chad Palmer,Bernice,Waters,neuse@hiih.tv,value,1/15/1977,(420) 217-2868,32,MO,Bahiv Way
54db17ac-4ff2-5263-8ce0-4a8c8e0c6ffe,Lettie Nelson,Ann,Wright,veko@vugantus.nr,value,4/16/1944,(870) 271-9727,23,CO,Kofzez Manor
17785539-191c-5be9-a4d1-2162c3f13bef,Eliza Farmer,Roger,Malone,hum@oje.mu,value,2/13/1953,(226) 359-9912,37,NY,Medse Grove
358f9c9a-1a96-50e7-ac92-c5a1b8a5abaa,Terry Carson,Derek,Barnett,zuvu@valila.im,value,1/6/2058,(214) 907-3780,32,UT,Ijfav Boulevard
21d155a2-8410-539c-bad8-c98630520895,Kate Banks,Jeremy,Snyder,guob@lapga.cr,value,3/12/2010,(605) 706-5446,48,NH,Tirof Park
cffc26e9-31a0-5dfc-8e94-67973cfe367b,Millie Potter,Bradley,Bell,he@kat.sy,value,1/3/1974,(575) 445-9792,28,TN,Dotu Mill
ae6d0668-edc2-5c52-9156-6ad4c35d3f3c,Isaac Wade,Ricky,Poole,viw@sila.wf,value,8/4/1953,(350) 756-4083,43,MT,Lolvuk Glen
6798ee0c-36a1-5f74-b9cd-20f57087ad0d,Mollie Mills,Jerome,Moore,eztuf@ir.lb,value,8/28/1915,(978) 309-5591,59,,Juji Street
6b965a92-8f80-580d-8d89-ab624a7ebda9,Bill May,Norman,Bowman,uve@vadkuv.sd,value,6/12/2062,(242) 214-3972,53,RI,Goiwi Place
8bd47d98-091d-58cf-8f53-ddcad380a770,Jerome Powell,Andre,McDonald,riehmes@sip.rw,value,10/2/1959,(841) 267-8187,55,MS,Milkap Center
57658ab9-91de-532c-a4d6-b3ef2e106a56,Adrian Mullins,Mario,Day,uwi@nafvo.vg,value,3/8/2068,(466) 490-5258,43,HI,Sugo Park
d33c5797-6eb0-5295-8434-67d52bd9b91b,Charlie Tucker,Gary,Goodwin,zaloku@ruzjujha.tm,value,4/16/2022,(447) 716-3455,62,FL,Evas Highway
1562fb95-6329-57ff-a689-028d1f6d3b0c,Minnie Barrett,Carolyn,Greene,na@guboje.bg,value,5/21/1919,(849) 368-1097,22,MT,Teino Place
d116c07d-527e-5286-b452-fd7212c02414,Hunter Ferguson,Leo,Vargas,wabbiv@riwic.sd,value,12/15/1988,(820) 684-8115,35,ND,Foba Ridge
5469c828-ab51-579d-a723-c7e56dac5e28,Jesse Ford,Josephine,Drake,ilo@wosihu.ml,value,12/1/2028,(338) 219-5082,25,SC,Ifuduj Path
6e89b1dd-0c06-5088-99f4-d947d155e2e3,Bryan Ramirez,Connor,West,uhogi@fut.th,value,8/6/1988,(875) 586-4324,27,ND,Taiz Extension
443b0608-a0d3-5388-a8b8-62a0ae101360,Mamie Newman,Olive,Keller,dotouze@muwamda.cw,value,7/1/1917,(988) 864-6394,65,MO,Manno Square
48932496-1295-5338-8516-798e317c4a63,Marie Dawson,Herbert,Leonard,ga@bumomev.ch,value,4/9/1964,(764) 774-7259,30,KY,Mato Loop
f7a3f88d-ed09-5e27-b712-c5f956af07cc,Marvin Mann,Ethan,Moody,dacowi@vaena.sc,value,5/1/2039,(752) 956-2983,21,ID,Mawri River
2b4dd7f8-6693-531c-be71-9921764e37c2,Mattie Fitzgerald,Angel,Hunter,ve@susvuk.bi,value,7/3/2006,(985) 672-3976,37,CO,Cuhon Trail
af85ca2b-8dca-5f1f-af4f-033037257f87,Edward Rice,Blanche,Johnston,giddo@al.nr,value,11/9/2008,(768) 393-8085,24,TN,Bihbo Trail
ba203beb-055a-52ef-ac2c-9a292e7eac5d,Sally Davis,Raymond,Floyd,litete@conifutim.pl,value,4/24/2031,(255) 867-2465,53,MA,Avsiz Park
45fb287f-bbb8-5480-9c05-7933a7ebd4d2,Charlotte Day,Terry,Wilson,ogi@li.ly,value,5/29/2025,(586) 308-7838,63,KS,Suag Pass
e162582e-d8c4-5466-98b4-c364c486d114,Brian Day,Bernice,Keller,puuk@ruswun.bd,value,7/21/1915,(331) 932-7460,35,KY,Ukuces River
1c503f8c-768b-5087-8972-e74b3fc981db,Trevor Mathis,Jordan,Graves,hivdir@johepi.uk,value,6/25/1912,(485) 425-7798,19,CO,Waip Manor
8e1bc031-e6a7-5074-bbcb-74760111143c,Agnes Lucas,Bessie,Carlson,rer@lur.sz,value,1/19/1965,(688) 966-8766,63,RI,Gokpa Highway
3988ba8f-aff8-5491-8e95-4ef61a720498,Darrell Johnson,Logan,Gibbs,unvifna@ihohir.fr,value,11/17/1986,(421) 811-1877,65,MT,Sacec Plaza
da7147fc-a732-54cd-9761-f390e14a7e40,Rosalie Rogers,Sallie,Ray,diuji@nootogaj.ro,value,2/10/1963,(581) 253-7692,30,ME,Azudu River
0bd09b4e-ef7f-50fc-8180-e2ba0571f965,Willie Obrien,Lena,Hines,duzufesi@sekge.pf,value,10/28/1938,(886) 517-1789,40,VT,Resu Parkway
0343b435-e0e8-5aca-b2c5-402b95057ce1,Hallie Ball,Lilly,Matthews,zuc@ukkiwuh.bt,value,5/17/1938,(241) 550-6318,47,IN,Leawu Circle
2a3d2376-dce8-5f7b-9864-65b3033605a4,Nathaniel Zimmerman,Estella,Banks,uv@fofefevu.pf,value,2/22/2041,(841) 924-7015,25,IN,Nomet Manor
aeaad0f6-f807-58e8-b7f0-1bff2e0a74c2,Lily Miles,Luke,Waters,muvbones@umomadluv.im,value,10/6/2010,(539) 279-8393,21,NY,Rezes Way
660f8033-c092-578e-bbd2-933c329c55e7,Amelia Tucker,Daniel,Simmons,zajeak@secwoihe.ss,value,1/10/1900,(519) 315-5919,18,WA,Camza Lane
89a391bc-495e-5500-a7c8-1e8eb59e16b4,Johanna Carpenter,Lizzie,Miles,coc@epi.cw,value,6/28/1987,(267) 224-1254,63,WY,Lemi Plaza
c031ece0-fcd9-52a6-bfcb-b2ae2c300a70,Hannah Murray,Mary,Goodwin,adafbin@nujra.dk,value,10/18/1950,(651) 212-1995,27,,Kirube Point
c8d797ef-b158-5c00-bec5-c6defd30a4ff,Blake Cannon,Francis,Martinez,dooje@mo.cw,value,8/20/1945,(567) 749-6197,24,MO,Peku Extension
b6a042ff-d79c-5b6f-9850-c77f10d4e1d3,Cordelia Rios,Amanda,Cox,waranla@jevjizku.my,value,5/5/1947,(229) 586-3740,29,TX,Rugmi Pike
0638beb2-105e-5dfb-a529-6f58375629e9,Estella Brooks,Ernest,Grant,jitgew@se.bh,value,10/30/1979,(363) 848-9172,59,OH,Oljow Highway
67e5c3a8-2b79-520c-81e1-c8a6624e5d1d,Millie Cross,Eleanor,Lawrence,mossusa@ezo.ba,value,11/29/1914,(718) 687-9246,22,TX,Feef Plaza
3c359c24-8520-5f59-a631-a0c810e8564f,Samuel Maxwell,Flora,Nunez,sugu@som.pw,value,12/4/1903,(232) 316-9183,56,,Cujuta Highway
f46eca7d-c213-5f3f-8fb4-a6ab77e9a700,Andre Rowe,Sean,Cruz,reg@vub.tg,value,10/31/2065,(725) 696-8670,33,NV,Arana Court
b1312a42-87b7-53de-9680-2b07a5859af1,Sara Romero,Cole,Evans,tivetuvo@mabeuc.tj,value,9/24/1934,(800) 492-5854,48,ME,Giepa Boulevard
50b2413c-4dbf-5eb3-9db9-89a5c53aabdb,Sarah Pratt,Ella,Lloyd,ug@waguibi.mn,value,2/9/2005,(601) 824-8169,34,NH,Wogen Circle
27cd158d-67a6-55f1-97cf-d15a2d840ae7,Angel Freeman,Nathan,Smith,uzewilib@wu.tg,value,12/25/1989,(374) 494-4122,55,WV,Ebpoh Heights
305f4478-2494-5f38-8b18-e3230ccd80b8,Jesus Freeman,Timothy,Mann,bovopa@ic.km,value,3/10/2039,(861) 422-9046,43,WI,Lujale Square
50b8e287-163c-5e2e-a5b9-ff5b1fbf3b78,Gerald Mason,Julian,Welch,faciofi@mifisagi.md,value,9/19/2030,(464) 355-2468,20,AZ,Fapol Mill
f919fdf4-8669-54e1-9188-7963d308887a,Martin Olson,Mabel,Park,raonji@piatci.bq,value,9/26/1938,(740) 913-6546,65,AR,Zoke View
c7bb07cf-fd83-5261-b46b-9867ab72d89f,Maurice Padilla,Kyle,Gomez,vem@fujoub.uz,value,4/9/1939,(486) 473-4547,22,MD,Zunov View
53ee7ebf-c14c-54d2-a02c-11c0d4c7c5e7,Phillip Moss,Edna,Allison,vupakrof@ilguw.fj,value,8/10/1926,(563) 901-8602,47,DC,Kocufi Mill
a0e3b0a4-22f3-54c5-b786-295e12e107ca,Jack Hughes,Tyler,Daniel,voloweh@uw.za,value,7/22/1960,(512) 708-2865,62,PA,Wizam Point
8d748862-ef66-5c31-8d91-14a7e5a8e101,Eric Reed,Amelia,Holland,teeze@ufa.io,value,6/23/1980,(236) 436-3738,30,MI,Rouda Key
5349f72a-9c3b-5515-abc1-7d2085e3491f,Kathryn Collier,Maud,Wells,houv@jivat.nc,value,8/15/2032,(938) 989-3701,60,,Esimej Pike
f78c6cd3-3535-5735-95eb-536b75b20bdb,Timothy Lewis,Travis,Roberts,vanaf@geubipu.sg,value,9/6/1986,(668) 235-9353,27,AZ,Tokvap Center
9393fa23-8f69-5a00-a8f4-5998824ae02d,Nicholas Ingram,Flora,Hammond,silji@er.vc,value,3/23/1928,(671) 870-4494,37,VT,Hoho Highway
59582a54-97f2-5cbe-b26f-4d708476a5c8,Nancy Burke,Lawrence,Baldwin,ajo@owavuedu.gs,value,9/9/1921,(957) 537-2962,32,CA,Hokku Key
cd3a75f4-e985-50f4-bd64-914ecd47782c,Scott Morgan,Georgie,Roy,akbifabi@kemub.cw,value,5/6/1944,(211) 228-7379,46,RI,Dilah Turnpike
c7d733fe-618b-5d76-a15a-82dfbe20cd6a,Elmer Meyer,Ethan,Simmons,pat@zojrukew.gs,value,3/18/1911,(941) 589-7818,40,OH,Gudej Extension
6270935a-43b2-5ba8-bb98-3577a194d502,Lily Campbell,Claudia,Vasquez,sotvo@opoilje.pr,value,6/30/2042,(935) 401-7317,36,,Wekpi Pike
e0ac89ac-2a82-5cff-a175-53d963f14e03,Clarence Becker,Philip,Cunningham,comduj@zovot.mo,value,6/2/2017,(407) 667-4972,27,MN,Liheha Glen
14817cf1-ed0f-5cb8-a780-55a69df56648,Chris Alexander,Eva,Vaughn,raentu@jom.ml,value,6/12/2035,(411) 863-1708,34,OK,Dedpof Boulevard
0ea093ab-cc30-56c5-b18c-5396ec0b2e15,Violet Kelly,Vincent,Patton,gevhetjo@vufdo.im,value,11/24/1924,(989) 314-2934,34,,Widzij Plaza
f18921ff-c384-5ece-8519-7c128ced8d33,Sallie McGuire,Jerome,Goodman,sucmu@jibmuccib.lt,value,8/22/1996,(410) 422-3117,19,KS,Wido Pike
2e2c6563-9a01-5ec7-bb78-7421be3d3fb0,Albert Fowler,Curtis,Nguyen,buebcip@tuz.jp,value,6/29/2027,(241) 648-6531,50,AR,Nabat Mill
c71d2ea8-9774-5344-b12a-97f10da13037,Lettie Lowe,Francis,Erickson,samnebse@fa.cd,value,11/8/2018,(710) 564-5173,43,FL,Opuji Terrace
e09ba5da-bd45-559a-b9c4-54e8d0729819,Bernice Mitchell,Loretta,Waters,gi@pidavsag.cw,value,4/25/2023,(881) 838-5072,44,PA,Gajhu Road
901b3f0d-f831-5c56-bf2a-6aee3d81836e,Charlotte Brooks,Robert,Barber,ras@pe.vc,value,2/14/1969,(648) 339-9666,42,PA,Lovob Way
6f4a92e4-9631-5185-a33d-54bc87526fb0,Bess Lloyd,Hettie,Castro,noh@fod.ge,value,4/24/1917,(245) 324-7803,18,MA,Nacse Street
4755d182-55d5-5bc1-b351-ea8fc5b2b399,Lydia Mendoza,Milton,Nash,ajudorew@mem.tf,value,12/3/2039,(570) 504-1845,45,HI,Topus Heights
ab337c54-6783-5896-8eab-11f129d07ad6,Jesus Jensen,Marcus,Ortega,ed@wehu.ao,value,6/30/1938,(981) 488-8277,50,AL,Zizuv Trail
a585c14f-7b46-5a4b-b643-2b2ff08bf1c3,Stanley Jordan,Trevor,Gilbert,hez@redobo.ly,value,9/8/2052,(534) 970-1052,27,WA,Iluvac Park
fb0b3077-fc46-5aed-af22-41e30d9f4b30,Harvey Smith,Emilie,Phelps,ojecobeg@ig.ug,value,4/18/2055,(903) 310-7457,59,GA,Zoze Lane
5eb382bb-5c83-5401-8b26-57f4a7b28fd9,Peter Barker,Margaret,Gray,daz@no.gy,value,12/21/2001,(466) 907-2144,65,NV,Bulag Parkway
f5281028-8373-5375-9bef-c783057f69ed,Cornelia Dennis,Milton,Jimenez,badoswab@tuniwu.eg,value,11/18/1940,(508) 868-6184,23,NC,Joumu Way
071ec00d-8f52-5513-933c-21efeeb80532,Ruth Potter,Isabel,Lopez,mif@wahoc.dj,value,5/29/1975,(451) 522-3130,60,ID,Hudak Drive
1380f5eb-24cd-5894-876c-67faad5968d5,Bessie Potter,Carrie,Carpenter,talud@ric.om,value,1/3/2064,(575) 662-7830,43,AK,Betel Center
be01e5cb-b1b9-5bfa-bfcf-4fc481f9ffb9,Caroline Moody,Adeline,Ramirez,licvi@fivvoc.gq,value,4/10/2022,(662) 737-7853,23,ID,Kikpe Circle
4e194034-1296-5ce9-93d5-b46d73e1c15d,Daniel Hubbard,Nicholas,Riley,pa@kehhat.ss,value,7/7/1941,(917) 287-5279,46,NJ,Eztop Plaza
10f2a5c2-e46f-55a9-8374-5db102f31a3f,Sophie Malone,Marion,Houston,le@oz.ci,value,6/26/1985,(409) 651-5023,34,OK,Tolneh Boulevard
7a45a319-96d6-5d5e-80b3-32898ca6996c,Matilda Martinez,Ricky,Brady,fetujcac@becocvun.je,value,11/8/2001,(453) 859-8774,46,LA,Dahu Road
76c3da46-736a-516a-abd2-651921e0748f,Ina Mann,Howard,Washington,du@rafo.tn,value,9/25/1940,(946) 263-9446,32,NV,Tinnum Place
c8a7e4f4-4e08-54b5-85b6-222c2ffccc51,Chad Bridges,Joshua,Barker,dacad@pelur.zm,value,3/13/1906,(559) 553-4233,52,GA,Ubebov Drive
82a22628-9802-568e-8381-39c3e0c8f33d,Clara Bradley,Katie,Williamson,agi@eja.ps,value,6/14/2032,(850) 673-8663,28,FL,Vecil Boulevard
8ac925c8-17bb-5b32-b32a-1b1cceb10379,Dean Carr,Roger,Meyer,fimirad@de.nc,value,10/21/1997,(838) 556-4158,43,NV,Udbef Avenue
1d3ec05e-3455-5120-a264-fbd820dd873e,Maude Taylor,Corey,Morgan,itako@putud.gq,value,4/7/1975,(902) 631-2928,23,KY,Kemsoj Way
17264eb3-44b3-5f4c-a386-102af7db4b62,Calvin Norton,Jimmy,Sharp,eso@cuwsaz.rw,value,4/16/1935,(958) 592-7020,36,NY,Geri Square
10460c01-3e1d-52d1-aecd-9ee0db95d563,Leonard Powers,Eunice,Wagner,bi@inu.gs,value,9/2/1922,(615) 552-1258,43,,Alolu Parkway
0e2f5519-7608-515f-8720-8fb41d2510bb,Della Edwards,Millie,Phelps,unnahjuf@geofugeh.am,value,7/18/2010,(464) 639-2937,51,CT,Zojdo Path
6fe74cbb-7127-516c-b2cb-007ed7de1cf7,Roger Sherman,Pauline,Wagner,kirzubvaw@de.in,value,12/5/2067,(674) 810-5498,46,MA,Umjeg Manor
becc79e6-39f5-5728-9d75-3073d2e464fe,Shawn Sims,Harriett,Cross,jumgupe@cewjapofo.vu,value,10/29/2055,(325) 849-9144,43,AK,Poton Key
3e9a0c3e-6658-5f3c-af80-1ccd681cd630,Jordan Moody,Curtis,Wolfe,do@ipwekzi.pn,value,3/2/1985,(960) 869-1109,62,CA,Juur Key
646fa3c6-b5be-5704-bc96-afea4186f631,Nelle Chavez,Lola,Lucas,ikfiju@be.mr,value,10/13/1993,(903) 239-6612,29,UT,Niclij Loop
e2f5db94-6ade-5a9e-907b-703483283723,Patrick Ryan,Ryan,Collins,isoakeep@lubamli.bq,value,10/4/1949,(476) 262-6955,21,FL,Zeto Street
afe4292c-4947-5025-8c90-fd96bd386ca3,Joshua Bradley,Shane,Harmon,votmofso@cadacsi.mz,value,2/20/2070,(609) 660-5577,65,AK,Dasvi Key
65deb199-df0a-50a4-85c7-f6b7b937aa1d,Willie Cummings,Blanche,Boone,johin@owkuf.gi,value,1/26/2005,(971) 315-2665,32,WV,Buona Turnpike
b729d52c-797f-5f1f-8d76-48b7f9b59131,Maurice Woods,Hester,Green,puzu@wileb.je,value,9/18/2037,(348) 866-2267,41,SC,Ohgif Turnpike
40ec3245-48b8-5ddd-b2af-2db93ceb691d,Wayne Pittman,Rosetta,Gilbert,logruzle@zihuwwe.kz,value,4/14/1938,(349) 766-2303,64,MN,Piiha Heights
5b7d6727-f053-51b3-8f78-9431244ce61e,Howard Klein,Lilly,Norman,web@zip.ml,value,10/19/2004,(574) 283-9868,52,SD,Cokki Center
304e8c15-2286-5b8d-968f-d841064da9f8,Travis Wilson,Jim,Ross,kejavze@gon.ki,value,12/3/1983,(532) 629-6974,48,PA,Davi View
8a8e163a-7dcf-50b4-93b0-ff02697a0980,Mabelle Keller,Mike,Richardson,rofogel@ipo.rs,value,1/11/2001,(838) 926-8218,45,AZ,Ripzij Park
725c9f6e-fd72-565e-8d1c-2339f7b66873,Patrick Beck,Lottie,Carter,ineizu@meda.lv,value,5/27/2021,(888) 978-7292,53,MO,Kugiw Point
10ed3f4a-9eae-588b-b944-c2afabf82f2b,Kyle Burke,Lela,Park,oco@ni.lb,value,2/14/2065,(321) 818-7384,35,GA,Tagun Heights
56a5ce1b-f635-5213-9f15-034ffb363c31,Jon Flowers,Sophie,Gardner,pazdonpa@ownoh.ai,value,4/10/1936,(401) 321-8844,23,AL,Igok Park
8bfce32a-003b-516b-8845-91fd7d729698,Cecilia Parsons,Trevor,Jefferson,acrew@ugdisso.sr,value,7/16/1913,(612) 392-9663,53,DE,Hewo Street
5bc0f874-bbdb-5eb3-a15f-855d86efd1dd,Cory Beck,Alex,Barrett,le@cuntud.gp,value,1/11/1946,(588) 578-9408,45,NH,Ipaza Pass
d6caec78-4fe8-52ea-8a19-e67e030973a7,Erik Gill,Lulu,Horton,solbon@hohpeb.ca,value,5/8/1970,(738) 606-7369,55,FL,Tusig Extension
fec4ca67-19d2-5e74-b45b-7cf44eb083bd,Vernon Wilson,Barry,Morrison,zuhicpu@zulikbur.bd,value,2/13/1978,(957) 492-8278,58,KY,Liew Center
1290bb28-0e22-57bc-a165-d38cf5fa4311,Robert Clarke,Ellen,Gutierrez,guk@karrugco.km,value,9/28/1994,(260) 304-8415,41,IN,Umubo Point
8647876e-8c56-5370-a55a-ee1fad8e34e9,Susan Farmer,Callie,Potter,zapiwhov@apieverak.ca,value,7/16/1925,(386) 698-6831,36,DE,Vofmu Pike
42e09758-1b3e-5d8e-a02e-96f6ecf695f5,Florence Myers,Louisa,Steele,gujsi@henug.at,value,7/3/2056,(870) 850-2983,52,WI,Otauhi Boulevard
3e0d6cb0-6e14-5683-8871-c360d1055496,Ralph McBride,Jennie,Fitzgerald,aruake@ewab.tm,value,9/4/1922,(904) 796-3641,52,NH,Lutja Junction
7362d041-fb6c-52b7-8bdf-1228702259a5,Chris Morgan,Victoria,Gross,pod@natgef.hr,value,1/22/2055,(531) 680-2318,60,LA,Lidi Ridge
b1871e79-2c2a-58b7-9f2e-53e7c28bea44,Brian Watkins,Mable,French,bodub@azirik.pn,value,7/6/2035,(505) 808-8507,49,AL,Tuci View
71dca01c-45ab-5198-8004-b9df239c9b4b,Landon Wolfe,Hallie,Adkins,ura@gar.ms,value,7/30/1959,(204) 511-5271,46,CT,Hige Plaza
08277cd2-2dfe-5d32-9c6b-c7d4828a2f49,Cecilia Mann,Erik,Campbell,oto@tob.id,value,8/9/1989,(930) 452-1858,31,CA,Owefih Pass
ca04176d-3fca-5f1a-9e06-783760797c81,Rebecca Simon,Iva,Barker,osvej@mo.dm,value,1/22/1968,(920) 379-2955,34,NC,Usho Circle
d41d0392-94b4-5aa3-8ed5-64994cf15e37,Jon Griffin,Albert,Anderson,riosi@upe.lv,value,10/11/1903,(724) 334-5815,31,GA,Humu Mill
4e6b332e-671c-5926-8c9f-0516bc965c87,Wesley Soto,Mittie,Cortez,walluseh@reloec.lt,value,5/13/1950,(467) 365-1730,31,MN,Deter Loop
09609433-5577-5c6b-823a-65270579ad9e,Ina Brady,Clara,Cortez,tivkafiv@boba.ar,value,7/11/1960,(371) 889-9742,29,NE,Numiv Heights
4a6b42b8-fb19-5930-81f1-d9105e76b7d6,Susie Barrett,Amy,Walker,vadwek@nelna.pm,value,4/11/1904,(873) 711-1110,61,PA,Sivun Place
4464b2c1-ce4c-5456-acaf-6d9da25dc2b2,Nannie Dawson,Jessie,Gutierrez,tim@hajgogba.ru,value,8/3/1972,(820) 791-7781,63,NY,Zazu Place
c15f3271-9a66-596d-bbf7-aae7ab3a414d,Isabel Nguyen,Adeline,Daniels,ogwa@lugkog.ru,value,10/25/1908,(860) 315-4484,28,MI,Ukeupu Parkway
f1ae95d7-bd88-5b2d-a00e-b3329608f3ad,Kate Bennett,Alex,Adkins,goas@salwercaw.kn,value,12/23/2055,(701) 924-2456,40,DE,Semco Road
6dceb796-00fe-5cdf-b262-3217f17fd17b,Nathan Dunn,Lucile,Ramirez,jivrabwew@ibeepa.nf,value,9/2/2060,(742) 888-5917,35,MD,Ziklo Highway
bb163de8-02b5-5f28-b4ea-9cba1777bd76,Cory Harrington,Lee,Austin,onaka@jik.ua,value,12/8/2005,(778) 811-9676,25,MS,Juclap Place
0e4cf808-e9a5-5abe-b173-cb62db91e73b,Leo Allen,Julian,Johnson,taavmu@fizi.eu,value,12/7/1916,(351) 956-4887,61,NH,Sadbew Court
3db6b5c4-ba53-512c-9ec5-70f464728f6b,Ada Harper,Chase,Swanson,savef@fifidi.pg,value,3/31/1990,(460) 554-2988,19,SD,Vorog Terrace
b3fc41dc-1093-5fe8-87c2-6a93b6d12d1f,Sarah Foster,Francis,Roberts,hip@li.ua,value,8/4/1997,(261) 565-8527,44,MS,Wojre Lane
56593d2b-86bc-55af-9861-b7ea6061445b,Lenora Fernandez,Minnie,Cox,todja@sekin.pr,value,6/25/1977,(853) 727-1557,32,NY,Jokfid Key
2c3b385c-bdf9-5425-9431-a5a405aed4ac,Aiden Hoffman,Lura,Flowers,ne@tahiw.mt,value,8/1/1980,(557) 831-7124,40,DE,Gejil Street
5b89f3fb-b2b8-5f12-8d5e-7818ab520fcb,Jeremiah Ellis,Adelaide,Flowers,ves@im.ye,value,9/17/2014,(450) 455-2771,44,NM,Puno Manor
59ca32ea-a849-56db-8e8d-d0bffd374569,Isaac Hardy,Alma,Chapman,jig@werevew.fo,value,12/6/2068,(517) 411-2166,22,WV,Nene Park
f6f800ff-e2c0-52f9-9b0a-f220aadb1b5b,Harriett Martinez,Jean,Chavez,or@iwidip.cw,value,6/18/1946,(909) 216-1343,62,ND,Zedof Terrace
2ac47345-08ad-53bc-aa4d-ea438070e49e,Randy Castillo,Eric,Sanders,peftam@fa.dm,value,12/1/1929,(649) 506-1416,37,OK,Dozawe Lane
e986660d-8585-5329-aa11-5aa852bae531,Jorge Kelly,Dustin,Young,vawivvuk@ajcap.cw,value,10/14/2039,(701) 328-2470,19,WA,Nolig Square
ef149d15-8d64-57c4-a06d-c68cd9614c53,Harold Roy,Joshua,Goodman,josih@luk.nf,value,7/10/2022,(419) 276-3367,53,CO,Ratabi Glen
45cae9a7-7631-5572-917b-e9b67bd295ac,Jeremiah Howard,Lura,Stewart,nob@rikapo.cg,value,2/14/2048,(674) 797-7437,34,ND,Usad Drive
c29420c0-b477-58ef-852c-d47e542e77de,Estella Cannon,Nicholas,Ryan,to@bav.hm,value,7/24/2043,(413) 865-8109,42,OK,Rabsow Highway
a2efd2b7-fb31-5e96-b362-896767a41444,Owen Barton,Isaiah,Powell,jivooke@ma.ga,value,9/10/1914,(345) 509-9029,47,KS,Urkib Turnpike
51b5ec36-d049-5a8d-b836-852533416559,Dora Massey,Lenora,Bass,rehha@few.ga,value,1/4/2055,(979) 862-1691,24,KY,Liwoc Key
4212cb49-60a4-59f6-bf82-4c9ae351d36d,Brian McCormick,Emily,Holland,punap@omfoj.sl,value,7/28/2034,(643) 493-5076,26,SD,Raril River
8c73090f-43bf-503f-8050-d578c74e42ed,Evelyn Shelton,Andrew,White,ab@ku.fj,value,4/25/2020,(233) 482-2627,46,NY,Tivow River
82e05d05-f8ae-5814-9cba-785cbf7672bf,Cole Watson,Victoria,Rodriguez,dicpaklo@hehmaise.hn,value,4/6/2032,(766) 987-1125,65,MO,Kuzruf Extension
1e4c6a92-c6b1-5574-8c04-fcc0a8f13bfd,Susan Herrera,Janie,Estrada,nimgiked@walwit.ps,value,7/20/1999,(766) 457-4121,62,OK,Vihfe Circle
1a6cd5db-f8af-5a3d-a314-064c0b8f6bba,Cornelia Chambers,Cody,Rodriguez,ojmubfe@lufuba.je,value,2/18/1981,(606) 877-5618,23,ID,Tocnu Way
86b7db2a-3ce8-550b-a3e8-fced7d4c412a,Julian Colon,Gilbert,Kennedy,leg@vo.eh,value,5/5/1946,(267) 921-4917,50,MI,Osava Terrace
b691d071-6656-5262-ab2b-92b84df8575c,Jeremy Bowen,Alma,Webster,bojpapgin@putvez.es,value,4/27/2018,(267) 934-3005,39,MA,Mulu Boulevard
4aefae69-6be1-534a-8f86-cfb027a34c44,Trevor Armstrong,Eugene,Moss,mim@zachepze.sg,value,6/14/1966,(372) 666-5390,65,AL,Cuji Ridge
abbee5c4-57b0-5ff8-9f57-5d0ea27c343f,Jacob Dixon,Connor,Young,ornuw@pu.pr,value,12/18/1993,(422) 935-5996,42,DC,Vowu Glen
6c8e9228-224f-57f2-98c2-886251153a92,Eric Davis,Mario,Lawrence,iw@gomceive.bs,value,10/3/2022,(833) 496-8406,21,HI,Jemah Terrace
0e2f35dd-4497-5ebd-94a4-6d19bdab6ea2,Milton Luna,Mason,Fitzgerald,ubjeduw@fus.gy,value,12/30/1984,(651) 937-7375,62,MT,Sokjiw Ridge
236ac569-cfa0-57d6-b25c-a949cf63118b,Lena Hopkins,Mittie,Hall,otigzac@boni.sa,value,1/20/1942,(205) 866-1654,37,CO,Cufe Mill
cb9d5285-62e1-58bc-b96a-e21e6641e6d5,Bruce Joseph,Hulda,Edwards,ag@nabo.pa,value,12/28/1931,(213) 616-2023,31,,Sida Center
f48131a3-49d0-547e-8ee5-61d8da763353,Gilbert Barton,Cornelia,Vasquez,temve@motavur.se,value,1/10/2042,(826) 271-1290,37,NY,Behe Square
305a409d-df01-5fc0-b95a-964e74cf4065,Rosie Leonard,Loretta,Floyd,adlu@fu.ad,value,3/24/1940,(682) 206-6173,37,NM,Litbi Loop
caec858d-0ffc-5765-8a39-c97d516e4478,Brian Mann,Norman,Robertson,naura@rauk.nf,value,4/26/1968,(913) 824-6987,20,,Kaga Road
2f603ddb-1ca1-5e4b-86a5-93279b444a9d,Jason Owens,Jay,Fowler,vuwzigim@bok.pt,value,4/6/2049,(578) 313-7044,64,WY,Pohfa Pass
caf918ad-2a5f-5f7f-9742-af6616eb0ec0,Linnie Webb,Phoebe,Page,igoabiuj@ihoin.iq,value,4/20/1985,(553) 646-2277,64,VA,Micna Pass
32f8dff8-4c2b-586f-9551-44dc7efeb1c7,Abbie Wilson,Henrietta,Vasquez,kuwzuv@lisobefa.fr,value,9/22/2035,(224) 347-2845,55,MS,Eheso Junction
a9b3145e-870d-5216-8bcd-cf2f992c0362,Sophia Williams,Robert,Beck,bezogfi@hogecmi.mo,value,11/30/1988,(322) 832-6604,59,NC,Illul Place
63d02704-b7d0-5572-aa46-7f2f78d8349f,Sophie Martinez,Vernon,Dennis,lu@sibego.au,value,8/21/2014,(378) 716-9335,25,UT,Gicij Parkway
0e87555b-b555-59d4-b2d3-b197931ecd2b,Kyle Norman,Bryan,Sherman,fil@fumoc.ls,value,1/26/1940,(774) 917-7601,46,NE,Bomcob Pass
a1fb7731-bca3-5f95-a78f-9c45e3f81a8d,Antonio Morton,Nathaniel,Terry,roudiur@lolkepmop.gg,value,11/9/1918,(714) 218-4322,38,FL,Lojmih Junction
b118c3d9-3209-5f31-bc2e-d75206e2e7fe,Lelia Cox,Cordelia,Gonzales,labdog@di.kw,value,4/1/1990,(638) 568-6214,37,AK,Wedog Drive